{"cameraMode":{"drawMode":0,"name":"Shaded","section":"Shading Mode"},"sceneLighting":true,"audioPlay":false,"sceneViewState":{"m_AlwaysRefresh":false,"showFog":true,"showSkybox":true,"showFlares":true,"showImageEffects":true,"showParticleSystems":true,"showVisualEffectGraphs":true,"m_FxEnabled":true},"in2DMode":false,"pivot":{"x":-0.8361009359359741,"y":3.8011369705200197,"z":-3.3163743019104006},"rotation":{"x":-0.10359430313110352,"y":-0.025398042052984239,"z":0.002661953680217266,"w":-0.9943417310714722},"size":0.502512514591217,"orthographic":false}